reviewId,userName,content,score,appVersion
2c2552bb-e31d-4cfd-a91f-b6f632a48168,VÄƒn Nguyá»…n,ÄÄƒng nháº­p,5,10.9.2
37c386f6-0d6d-4bfd-a4de-a63062249412,Meow Meow,App dÃ¢m,1,10.9.2
bdc96538-c5ae-4b4a-ac0d-ae9de540f50b,VÄƒn Máº¡nh Nguyá»…n,Ok,5,10.9.2
088b4032-d5d6-4004-b0c0-fee99c51b89a,Äáº¡t Tráº§n,K Ä‘Äƒng nháº­p Ä‘c nhÆ° cl,1,
4fc56ca1-35c8-4e78-bb92-6bcd5c64de5b,Cong minh Nguyen,MÃ¬nh cáº§n tráº£i nghiá»‡m nhá»¯ng Ä‘iá»u chÆ°a biáº¿t,5,10.9.2
15ca8adf-db8c-4a94-b4cc-6dc7aaa0b997,Táº¥n Äáº¡t Nguyá»…n,Táº¡o tÃ i khoáº£n dell cÃ³ gá»­i mÃ£ láº¥y gÃ¬ táº¡o??,1,10.9.2
7d7bbe40-9872-4715-a629-307b76c856c3,PhÆ°Æ¡ng Anh Nguyá»…n,"Bá»n lá»«a Ä‘áº£o sá»­ dá»¥ng á»©ng dá»¥ng nÃ y Ä‘á»ƒ khiáº¿n mÃ¬nh tin tÆ°á»Ÿng , vÃ  sáº½ Äƒn cáº¯p thÃ´ng tin rá»“i máº¥t tiá»n , ai mÃ  báº£o táº£i vÃ¬ lÃ m cÃ´ng viá»‡c on thÃ¬ out luÃ´n nha",1,10.9.2
453476bc-719b-4be7-92b6-28949b94e662,Anh Duy,Ráº¥t nhiá»u lá»«a Ä‘áº£o,1,10.9.2
c1392d19-caef-4da8-a9b3-c04428375185,Nguyá»…n Hoa (Zonkendy),Ok,5,10.9.1
38fd68d5-7ab3-427f-8ff5-67b9a09f2e10,Yen Tran van yen,ÄÄƒng nháº­p ko Ä‘Æ°á»£c,1,10.9.1
3803b2a2-3e63-459a-bbef-e0678036ac2a,Phamthingocsiem,Ráº¥t thÃ­ch,5,
066e9372-4f63-403d-b9cf-c9cd20eaf73e,Duc Chu,Ok,5,10.2.8
65dac944-8799-41ca-9daf-df2a3d193fe7,Sai Lyquangsai,Tu do tu tai,5,10.9.1
80cc8b55-688d-4cd5-b249-58b42981bd17,LinhnguyÃªn NguyÃªnvÄƒnlinh,ToÃ n sai vi tri Ä‘on khach,1,10.6.2
c52f14aa-be29-4ade-bce3-e231ca0b2a94,Facebook Kull,NhaÌ€ phaÌt triÃªÌ‰n cÃ¢Ì€n thÃªm ngÃ´n ngÆ°Ìƒ tiÃªÌng viÃªÌ£t,5,10.5.0
f4a8e253-20cf-4c71-884c-eafe915b685b,Fa Fi,ğŸŒšğŸŒšğŸŒšÄ‘c Ä‘áº¥y,1,
cc1db968-e172-4797-9374-4040bb49409d,TÃ¢n LÃª,Ung dung bay trÃ¢t huu ich tang ap 1 saoğŸ˜ğŸ˜,1,
664c631b-1a73-4839-a805-3a0a0ab0f037,AnhKiet Chdt,Ngu,1,10.9.2
244ed453-2d5f-43d4-80cd-8c37c446becb,Nhut Ho,Hope the app updates the video quality customization feature,4,
607090f6-e41c-4875-9c1c-085e2719430d,Kgg Ydf,Telegram táº¡o ra mua bÃ¡n dÃ¢m máº¡i hÃ¢m chá»§ Ä‘á» 18+,1,10.9.2
b4081a5a-00c2-4100-9b78-97cf1757dc34,Tien Vu duc,ok,5,10.9.1
2d3c6219-3382-4826-a3fd-52270da2a510,Con Manh,Ok,5,10.9.2
45b223a2-5e1e-44c2-8621-d6d283cf0f51,Sang phÆ°Æ¡ng Äinh,Ãp nhÆ° cl,1,10.9.2
4ee5aa62-79b6-4b89-86a5-af0cf777f662,Anh Nguyen,tÃ´i Ä‘Ã¢y,5,
f8b8ae52-7ed3-4955-8112-8781dc29bfaa,Pho Nguyen,Ok uy tÃ­n,5,10.9.2
ba2da17b-9f1c-4cd1-9706-85aa2cf91c03,ThÃ¡i LÆ°Æ¡ng,Tui Ä‘Ã£ máº¥t 3700 tiá»n ngá»§ lá»«a Ä‘áº£o,1,10.9.2
48c0a763-5cc0-4a36-9746-e7dab02ea138,Bao Baonho007,Chs Ä‘Ã³ nhu678,5,10.9.2
f860a353-fa47-4738-b6e3-b4ae935ba0a3,Le Fang,"Má»Ÿ khÃ³a chat cho tÃ´i Ä‘i. Tá»± nhiÃªn tÃ´i bá»‹ khÃ³a, máº·c dÃ¹ Ä‘Ã£ gá»­i khiáº¿u náº¡i trong app nhÆ°ng khÃ´ng Ä‘Æ°á»£c má»Ÿ. Con bot cá»§a cÃ¡c vá»‹ nhÅ©ng nhiá»…u khÃ¡ch hÃ ng quÃ¡.",1,10.9.2
d5520653-2e01-493d-bd0b-f8a5e0c682ad,NGUYá»„N Háº°NG,ToÃ n lá»«a Ä‘áº£o lÃ m nhiá»‡m vá»¥ tÃ¬m kiáº¿m hay xem video ... rá»“i nhiá»‡m vá»¥ Ä‘áº§u tÆ° sinh lÃ£y,1,10.9.1
eac75a3c-5457-469c-975a-64699ea4d7be,Quyet Hua,Báº£o máº­t tá»‘t ok,4,
29e417ed-01be-4b7b-834a-088ae192886c,Em Le,QuÃ¡ OK á»©ng dá»¥ng dÃ¹ng ráº¥t mÆ°á»£t,5,10.9.1
4015ed18-0519-4c46-bbdf-fcdc980439f7,Loan BÃ­ch,Ãp lá»«a Ä‘áº£o nha mn .,1,
13d62b8d-2787-4002-b6f7-11af22dff78f,Máº¡nh Trá»‹nh BÃ¡,Ráº¥t hay nha ae ko nÃªn táº£i,1,
8fd92a45-7545-4b19-88b3-c74541346f89,Bac Nguyen,Tá»‘t,5,10.6.1
a2450626-395b-4017-9ad7-491330a51817,TÃº HoÃ ng,Ko Ä‘Äƒng nháº­p Ä‘c,1,10.9.2
50236f3c-1cf5-4907-ba99-7a9d7445fee9,Tháº¯ng Nguyá»…n,Ngá»c Mai 168888,1,
eafef1ec-e6b0-4f44-8917-ea2ed1451fd0,ThiÃªn tÆ°á»ng Ngá»c,T táº£i ná»‘t láº§n nÃ y vá» cn lá»«a Ä‘áº£o ná»¯a t chá»­i cháº¿t bÃ  tháº±ng admin,3,
07731ee3-7915-4864-9385-f5c9c4fbc310,Nghia Hao,Ok,5,10.9.2
95b424e7-355a-4d74-afdf-61a6d368e06a,Thao Le,Ok,5,10.9.2
a5c302d4-fbcf-4771-8321-12a9fe6725d1,J7plus Samsung,Rat tuyet,5,
98b8050c-857e-454a-93e3-7c57e9f6f09e,Loi Le,Ok,5,
1ddba0e6-3d19-4073-8087-ce7c7dc4f44e,Thuan Tt,Ok,3,10.9.2
558f03b4-8683-40fb-8b54-a7c293f90dc7,Gold Anh Máº¡nh,Ok,5,10.9.2
5790ad89-1f7d-4ae9-b6b5-93658c75687c,tinh tang,gem hay cháº¥t lÆ°á»£ng uy tÃ­nh,5,10.9.2
05f87f88-9bea-42e2-a982-d134ea3a482d,trang le,"á»¨ng dá»¥ng quÃ¡ tá»‡ ,k cho Ä‘Äƒng nháº­p báº±ng tk Telegram cÅ©,liÃªn tá»¥c báº¯t dÃ¹ng sdt khÃ¡c Ä‘á»ƒ Ä‘Äƒng kÃ½ ğŸ˜¡",1,
33bed191-4aa7-4f9f-a231-68a631158b1a,NGUYÃŠN HUÃŠ,Ráº¥t tá»‘t ok ğŸ‘,5,10.9.2
1c49028e-1bf5-47ac-89b4-94975b32e9a1,Pháº¡m ChÃ­ TÃ¢m,"App nÃ y lá»£i dá»¥ng lá»— há»—ng báº£o máº­t Ä‘á»ƒ thá»±c hiá»‡n hÃ nh vi cá» báº¡c, Ä‘á»“ng tiá»n áº£o, buÃ´n bÃ¡n gÃ¡i gá»i, Ä‘á» nghá»‹ google xá»­ lÃ½ app nÃ y",1,
ac8c4934-c8da-4bde-ac7f-53acca192ec2,Loan Pháº¡m,á»¨ng dá»¥ng nÃ y sinh ra Ä‘á»ƒ cho bá»n lá»«a Ä‘áº£o nÃ³ lá»«a tiá»n,1,10.9.2
9d125a41-0fb1-4a7a-89a2-62e72a30ca68,trinhquang anh,"Lá»—i káº¿t ná»‘i vÃ­ ton vá»›i tele mÃ  khÃ´ng ai support, há»i khÃ´ng tráº£ lá»i",1,10.9.1
bc6d820d-33ed-46d7-aa59-d2c80e432cdd,An Tráº§n,Má»i ngÆ°á»i coi chá»«ng bá»‹ lá»«a Ä‘áº£o nha cÃ¡i gÃ¬ liÃªn quan tiá»n thÃ¬ Ä‘á»«ng Ä‘á»¥ng tá»›i,1,10.9.1
ed4aa2c6-c8a0-417d-b729-3d55adc75d70,Nguyá»…n HoÃ  (Ty),ChÆ°a há»— trá»£ tiáº¿ng viá»‡t,1,10.9.1
d5c6fb30-d955-4c7e-99d9-e4353c58bd6f,ThÃ´ng ThÃ¡i,Hay,5,10.9.2
a8d84efc-155d-452c-a7d4-899165de9c8e,Nga Pham,Ãp lá»«a Ä‘áº£o m.n áº¡ tÃ´i Ä‘Ã£ máº¥t má»™t sá»‘ tiá»n vá»›i Ã¡p nÃ y,1,10.9.2
b1ca595c-d5e2-4379-8ff2-f65192b15031,tien thinh dinh,Xin cam on,5,10.6.4
0307eea1-74c7-4319-b6d4-6c0360494c75,Thang Le,Ok,5,10.9.2
f65c170f-aa7b-4be8-92d1-2f175ba6ab92,Toan Tran,Jok,5,10.9.2
f6ea391a-96c6-4f33-99e1-e7b70ad7d289,Anh Nguyen van,Ráº¥t tuyá»‡t vá»i,5,10.9.1
7bbed5be-165a-43db-a4e2-678b2c9750c4,Hoang Nguyen,cak,1,
a68117d9-c8df-4f13-9bf8-ed607b2e883e,Quá»‘c Chung LÆ°á»ng,QuÃ¡ tuyá»‡t,5,10.9.1
79401d9f-46cd-4a3c-9f48-757ba4cf3d7a,Cuong Nguyen,Toi khÃ´ng dang nháº­p duoc,5,10.9.1
a9b25411-6de5-4db9-97af-d8dcaf908e09,KhÃ¡nh Quá»‘c,á»¨ng dá»¥ng lá»«a Ä‘áº£o,1,
8500d4b7-a174-43f6-b57f-f8c3178a76c7,HÃ o HÃ o,NhÆ° con cscj,1,10.9.1
7fc3cb89-cb75-4291-8082-a4b5b669cd56,Hoa Äáº·ng,Kha á»•n,4,10.9.1
5201038e-14e5-4766-8c85-dbc2b4dbadd7,Lan ThÃ¡i,NhÆ° cáº·c,1,
2f787d37-102a-4849-b21f-cbb737774e60,Kien Lai,Xin code mÃ£i ko Ä‘c,5,10.9.1
ac734acd-eb80-41ae-9a6a-651c84a2d157,Van Tran,Bá»‹ Hack máº¥t nik rá»“i nÃ³ thay luÃ´n gmail luÃ´n dm,1,10.9.1
09765dd9-91bf-4058-9480-1deef087bcef,Ty Ty,Lytandu,5,
9e1333c1-5932-4660-9a8f-9e15188a1387,Ongg Máº­t,Great:))))) hk biáº¿t ns j nx:))),5,
3387a849-f052-4af1-98c7-08247aede10c,Minh KiÃªn Tráº§n,Ok,5,10.9.1
312d259f-6fc4-4b1a-b5a6-569f0162b89e,Huyen HoÃ ng,"TÃ´i muá»‘n cÃ³ á»©ng dá»¥ng telegram Cung cáº¥p tÃ i khoáº£n telegram cho tÃ´i ,tÃ´i thÃ­ch á»©ng dá»¥ng telegram nhÆ°ng ko táº£i Ä‘c xin má»i ngÆ°á»i trá»£ giÃºp tÃ´i vá»›i",3,10.9.1
7ab82aae-6c96-468d-be0c-229b9043d87a,An Nguyen minh,Ai Ä‘Ã³ Ä‘Äƒng nháº­p tk tÃ´i,1,10.9.1
5b6f216a-e2cf-4700-a380-7711c31abe7c,Phu Van,ÄÄƒng nháº­p ko Ä‘g,1,
474c826b-2240-4113-bceb-ee05dcd3f20f,46Ã¹g Sbnvg,Ok,4,10.9.1
dade8fa0-8c60-41ce-9276-a72a1da837bf,Dinh Bui,Ok,5,10.9.1
248a3daa-3230-46ae-bfc4-865db7a49aee,Hiáº¿u LÃª Trung,NhÆ° lozz,2,
6351882c-53c1-40f6-ad63-abd5e0894800,Tuyen To,TÃ´i Ä‘Ã£ táº£i xong. NhÆ°ng nÃ³ cá»© quay vÃ²ng vÃ²ng k cÃ i Ä‘áº·t Ä‘c nÃªn tÃ´i Ä‘Ã¡nh giÃ¡ 1 sao,1,10.6.3
837507d2-36ca-4c75-9df0-aa607ef6be88,à»’à½Äƒà½¦ à¹–Ê†àº¡à½› à»’à½à¸¨à½¦à½¦à½›Ê†,á»¨ng dá»¥ng dÃ nh cho bá»n lá»«a Ä‘áº£o k nÃªn chÆ¡i,1,10.9.1
6e8c3eb5-334b-422b-91c2-3f81264a1c4a,Yen Do,ToÃ n bá»n lá»«a Ä‘áº£o.,1,
e532aaf8-7735-440e-991b-30bfa586fcea,TÃ¹ng Nguyá»…n Máº¡nh,"QuÃ¡ tá»‡, khÃ´ng cÃ³ support",1,10.9.1
ee71161c-a9ae-4009-a0e2-b242754a6251,An BÃ¬nh,NhÆ° cc,5,9.0.2
a4a3278c-2cf3-42b3-b98b-9f5a1878eec0,Diem Ngá»c,sao á»©ng dá»¥ng cÃ i khÃ´ng Ä‘Æ°á»£c,1,10.9.1
611f04fe-302b-460a-9f65-5c0a5cd06737,KiÃªn Nguyá»…n,HÃ´m trc Ä‘Äƒng nháº­p Ä‘c rá»“i hÃ´m sau láº¡i bá»‹ thoÃ¡t ra,1,10.6.3
4d7dfd10-a300-40ef-b8a0-20f99e584730,ThÃ¡i DÆ°Æ¡ng,quÃ¡ Ä‘Ã£ Pepsi,5,
c0d042c0-455e-412f-b403-c55e35f1b1f6,tuáº¥n huá»³nh vÄƒn,Tá»‘t,5,
4980746c-a7f9-4fe3-ad6f-2a83e2f783cd,SÆ¡n LÆ°u,app lol,1,10.9.1
0260f5fa-b998-4aef-afac-9f88c442966b,Thuy Kieu,Ok,1,10.9.1
635422b5-3bb7-4c29-b8cb-03eeab00410f,PhÆ°á»›c A,Ok,5,10.9.1
d1e42195-400e-4b2b-9e8d-61de99447930,HÃ¹ng Le tiáº¿ng,Gai goi,5,
77c6f911-f1d5-47c6-882f-f55e351a7350,Quá»‘c Anh Phan,"Rat thuan tien ,an toan& kin dao",4,
3634131e-5116-4d49-bd3e-e63c031b6304,Thá»‹ Nga Tráº§n,Game hay uy tin áº¡,5,
8b2caf70-ab25-4fc5-a5ea-8d238932443c,Há»“ng Tiá»n Nguyá»…n Thá»‹,DÃ nh cho nhá»¯ng tÃªn lá»«a Ä‘áº£o lá»«a Ä‘áº£o nhiá»u tiá»n hÆ¡n,1,
80380170-a8ef-4292-91fb-39c471fbfd42,Dung Tran,Ok,5,
e201994a-41b5-47d4-b9e2-4cf031c13276,thao tao,Tuyá»‡t vá»i,5,
26858eba-9cad-4dce-9d4f-14f6efb8cef2,Khoa Daohuu,Ok,5,
8496fd4c-5af8-43d7-aeb3-82386fe89338,Anh Äá»©c LÃª,TrÃ£i nghiá»‡m nt an toÃ n vÃ  ráº¥t Ä‘áº·t biáº¹t cho app 5 ngÃ´i sao luÃ´n =)),5,10.9.1
9cba5718-5725-4ab6-ba2b-9f0b0eedb2cf,Phucs Ngo,cÃ¡i nÃ y táº¡o ra cho bá»n lá»«a Ä‘áº£o hay sao áº¥y Ä‘á»ƒ tÃªn sÄ‘t mÃ  sÃ¡ng hÃ´m sao nháº¯n tin khÃ´ng tráº£ lá»i qua mesenger mÃ  khÃ´ng nháº¯n tin Ä‘Æ°á»£c,1,10.9.1
70738e8b-ad65-4d01-8c2f-10498086eb71,Huyá»n Nguyá»…n,KhÃ´ng cÃ³ tiáº¿ng viá»‡t,1,10.9.1
e0e0b563-b7fa-44e8-b43e-95a2852992ac,Huá»³nh SÆ¡n (KÃªnh giáº£i trÃ­ tá»•ng há»™p),"TÃ´i yÃªu cáº§u xÃ³a dá»© liá»‡u cá»§a tÃ´i trÃªn ná»n táº£n náº§y vÃ­ tÃ´i nghÄ© ngá» cÃ³ ngÆ°á»i chiáº¿m Ä‘áº¡t tÃ i khoáº£n náº§y cá»§a tÃ´i, bá»Ÿi vÃ¬ sÄ‘t thÃ¬ Ä‘Ãºng cÃ²n e mail láº¡i kg Ä‘Ãºng",1,9.5.6
dfc84ee4-fdd5-4f39-a9a3-e2ee9f080de5,Khanh Mai,Ok,5,10.9.1
62356607-1c47-496e-ba78-3afc860dfef7,VÄƒn DÅ©ng,NhÆ° long cac,1,
1c9fde61-10de-43e8-81f2-ad3a2ecac83c,PhÆ°Æ¡ng LÆ°á»ng,Hay,5,10.9.1
0c4e64ff-7702-4fe7-ad91-e2e4082e2b2d,Lien Nguyá»…n,RÃ¹ng Telegram vá»«a Äƒn toÃ n láº¡i báº£o máº­t thÃ´ng tin tá»‘t,5,10.9.1
67d72675-3f6e-4075-8d95-002b7acc010e,Ni Noi,Mong nhÃ  phÃ¡t triá»ƒn Telegram bá»• sung thÃªm ngÃ´n ngá»¯ Tiáº¿ng Viá»‡t Nam ğŸ‡»ğŸ‡³ Xin cáº£m Æ¡n,4,10.9.1
3530ded7-558e-4d94-ba98-dafe4bbab7e7,Äáº¡t,L t vá»«a Ä‘Äƒng nháº­p báº±ng sá»‘ tÃ i khoáº£n r gg r thoÃ¡t ra kiáº¿m tra tá»± nhiÃªn cÃ³ ai á»Ÿ California gá»i tao 1+ Ä‘Ã³,2,
61ecbb35-119f-4ae1-81a9-1c10471efeeb,Nghi Gia,NÃ³ ráº¥t tiá»‡n dá»¥ng,5,
84ae45a0-4c31-496e-8cbf-4747daca877d,Trongnhan Cuahang,Máº¯t nÃ­t láº¥y lai k Ä‘Æ°á»£c mÄƒt Ä‘Äƒng nháº·p tá»«a lÆ°a háº¿t cuá»‘i cÃ¹ng cÅ©ng k Ä‘Æ°á»£c luÃ´n,2,10.9.1
5210cdf6-4d34-4f3f-9a4a-adc51e923b7f,Vu Mai,Lá»—i,1,10.9.1
8cbd7312-4172-413d-90df-6441a1fc1306,Kim NhÆ°,tÃ´i nháº­p code Ä‘á»ƒ vÃ o mÃ  nháº­p hoÃ i kh Ä‘c vÃ o!,4,10.9.1
5359bae3-f767-4e8c-acbe-99c591efc805,Oggy Man,á»¨ng dá»¥ng nhÆ° c váº­y Ä‘Äƒng nháº­p mÃ£i ko Ä‘c,1,10.9.1
2e26e213-b519-4ce1-915e-0390ecd4a791,Khanh Báº£o,Sao ko gá»­i mÃ£ xáº¡c thá»±c qua email váº­y,1,
f722ad3d-2a0d-48e6-b0e1-41e2f7db772e,Thanh TrÃºc Mai,K thÃ­ch,1,
1e8fd348-81b2-478e-a253-db2b8670ff2e,Thoa Hoang,K nÃªn sá»­ dá»¥ng,1,10.9.1
b49ebc10-8bc2-4a12-9ff4-e9a884a0c146,Chau Phi 1991,ThÃ´ng bÃ¡o suá»‘t lÃ m tá»‘n pin thÃ­ má»“,1,10.9.1
a8db1732-ad52-4527-aedf-8258a162638c,Duc Minh,XoÃ¡ Ä‘i táº£i láº¡i láº¡i thÃªm 1 cÃ¡i email áº£o cháº³ng biáº¿t Ä‘Ã¢u ra xin má»i ng chá»‰ e áº¡,1,10.9.1
aca9cb4b-0903-4d30-b2ee-00e63b59d859,Minh Minh,Sáº­p app Ä‘i nhÃ© cÃ´ng ty telegram nÃ³i tháº­t !!,1,
c5eccc28-dcbf-47a5-af65-48e390609eb8,Ang Lo,TÃ´i nÃ³i luÃ´n nÃ¨ á»©ng dá»¥ng nÃ y nhÆ° Ä‘áº§u cáº·c,1,10.9.1
4ecc8d31-6251-4b35-89a3-314023f422e6,Hiá»‡p Nguyá»…n,ÄeÌo coÌ tiÃªÌng viÃªÌ£t,1,10.9.1
593a2eb7-16db-4447-b6a8-97887b624e24,Longnguyen 4/7,Hay,5,
d841b27b-d71b-4a79-a1e1-1ffacd36b8df,Sunny Dz,Tháº§y Triá»u,5,10.9.1
27d367db-51b6-4062-b666-d6fbcd630a4f,Quá»³nh Pháº¡m,Ráº¥t tá»‘t,5,10.9.1
d2779750-859c-4fcf-a02b-bc52199c34c3,Linh Nguyá»…n Dream,á»¨ng dá»¥ng ráº¥t hay,5,
3e1bf64f-a24e-42b7-9ce4-0b51e007948c,Dat Thanh,ráº¥t lÃ  háº­u,5,10.9.1
07984fc6-8ae5-4ed3-8ada-c5a03d25e58a,Bach Hoang,CÅ©ng tÃ m táº¡m.nuá»‘t quÃ¡ thÃ¬ xÃ³a thÃ´i,5,10.9.1
2a6daa62-46ba-4fdd-8f10-361c48734074,Khang CÃ´ng,ToÃ n xÃ©ttt,1,
dd78ca7b-a837-45d0-82a1-07de1500b4d2,Huy Minh,Ok rÃ¢Ìt tot,5,10.9.1
5c01dc56-ac01-45bf-8f63-509fd9925d31,Nguyen Thanh hoang,Rat ok,5,10.9.1
97bb4cae-703e-4dc2-9fc0-54e0db44fd9e,VÄƒn LÆ°Æ¡ng HoÃ ng,Sao Ä‘Äƒng nháº­p vÃ o ko Ä‘c quÃ¡ tá»‡,1,
2019e8a1-35dc-4bb3-9fa6-1bcb0dbe12b2,Sum 68,Ok,5,10.9.1
01d07d66-bfc0-4a00-bedb-e01bdc5a91fb,Linh Nguyá»…n,má»i ngÆ°á»i xoÃ¡ há»“ sÆ¡ trÃªn á»©ng dá»¥ng Ä‘Æ°á»£c k chá»‰ e vá»›i,1,10.9.1
0730981d-2fdc-495c-b7f5-cf10a2f330c4,Tien Nguyen,app dÃ nh cho bá»n lá»«a Ä‘áº£o tháº­t cÃ¡c bÃ¡c áº¡ğŸ¤£ğŸ¤£ğŸ¤£,1,10.9.1
42bbcc8b-5fc0-44c3-b492-298db1ebff5e,HÆ°ng TrÆ°Æ¡ng,á»¨ng dá»¥ng loll dell gá»­i code lá»«a Ä‘áº£o Ã ,1,10.9.1
3d96cd3e-f292-4655-a484-51c53c3ff99a,ê§à¹–Û£ÛœTÉ¦Ä­ÃªÎ· à¹–Û£ÛœTÃ´Î·ê§‚,ÄÄƒng nháº­p láº¡i OK rá»“i nha cÃ¡c ae,5,10.6.1
47f133a5-f2e1-4f99-9a26-83d359a42150,Thuyet Ngoc,Cháº¥t lÆ°Æ¡ng,5,10.9.1
b371d6dd-891c-4b96-a29b-cc08cef03088,Bobo Bobo,Tá»‘t,5,10.9.1
ef990eb6-2946-42f9-8c71-bfffe3c00a96,Khieu Vy,Ok,5,
493ec5be-b901-4068-ae00-fb3f01d27196,Tai Tai,Hay,5,
9498b091-458f-46b6-8776-330f05c53c33,VÄƒn bÃ© Nguyá»…n,Ráº¥t tuyá»‡t vá»i xin cáº£m Æ¡n chÆ°Æ¡ng trÃ¬nh cho tÃ´i má»™t tráº£i nghiá»‡m tháº­t thÃº vá»‹,5,10.9.1
0970276f-8be3-415b-8184-ad533d8b4004,Trá»ng Diá»‡p,MÆ°á»£t,5,10.9.1
da3dfce5-521d-45a3-a6a9-4d0241eac7b4,tu Tran thi cam tu,Khuyáº¿n mÃ£i code,3,10.9.1
b57a67aa-5ce1-4440-98e6-5ff695e5f776,BÃ¬nh LÃª,"Ai chÆ¡i kiá»ƒu kiáº¿m tiá»n app nÃ y khÃ´ng, mn khuyÃªn Ä‘á»«ng nghe trÃªn máº¡ng facebook rá»§ kiáº¿m tiá»n hay j Ä‘á»u ra bÃ y trÃ² lá»«a tiá»n báº¡c cá»§a mn nÃªn bá» lun ngay.",1,10.8.2
ae0b46eb-3176-41f6-bec0-a4d9e62dc3fc,Nguyá»…n Cuong,Hay,5,
55be5e87-3908-44b6-9486-26bfc07fa97e,Háº­u VT,Ok,5,10.9.1
d2a85f85-5017-4d9f-8651-4ad0feeb0ef0,Tam Pham,KhÃ´ng muÃ´n co,1,
f6f14ada-0c80-4852-a4e7-45101a6ca68d,Trá»ng An Nguyá»…n,Ok,2,10.9.1
df193b4d-50bd-4626-85ce-d44c271c0914,Nhá»±t LÃª,Tá»‘t,5,10.8.2
a12f296b-f34e-4d0a-94d8-501bf4995f45,Dinh thinh,good,5,10.9.1
ef99923a-a0f4-4280-b546-75dce2651540,Trung ThÃ nh Luu,NhÆ° db cÃ³ tÃ i khoáº£n rá»“i mÃ  vÃ o ko Ä‘Æ°á»£c chá»‹u loll cho 5 sao luÃ¢n,5,10.9.1
7105cb16-65f4-45b2-9d35-d4ef723897db,Truong NgÃ´,ok,5,10.9.1
3b05dfec-8be9-40ec-9227-2842f5484903,Phuong Thanh,Ok,5,
00147012-f018-4b89-a3df-49bd3811cf16,Diem Truongvan,TÃ´Ìt,5,
d487e425-fcfa-494b-829f-b99c93d79742,Phiáº¿n Pháº¡m,1*ğŸ˜ ,1,
8c3fa901-41ad-4cff-b96e-8f726f504e74,Toi Tran,Ok,5,10.9.1
8473b3e2-80f9-46bf-92d0-02d6d7613564,ThiÃªn Ã‚nn (CÅ©n),ğŸ¥°,5,
197c9e4b-99dd-4efa-9cae-23bcbf953805,A10 Samsung,Ok,5,10.9.1
56074e56-e7e8-4eef-b009-6248464131cc,Batrung Ho,Ok,5,
bbe72e8b-bafb-4481-9a1c-0303923645bd,tuan tung,Good,5,10.9.1
6bde4ec1-ad2b-4091-b37d-7da44d9559e5,DT HoÃ ngç§° (HoÃ ngç§°),táº£i video lÃ¢u vlon,1,10.1.3
687c5cd8-d33c-4ef6-8eb0-0df505e6a0f1,Dat Ba,NhÆ° loll,5,
39b87e55-b20a-40c3-87e8-be4894c69521,Thanh Luc Nguyen,"Hahahahaha, máº¥y tháº±ng ngu dá»‘t tiáº¿ng Anh.",5,10.9.1
062cfe1f-fb93-4960-9140-96f5dfe77642,Dong Nguyenthithudong,Hai lÃ²ng,5,10.9.1
dcb60ca2-eb12-409c-83cc-8110c3522738,Minh Khai,Sao mÃ¬nh táº£i telegram k Ä‘c ná»¯a báº¡n Æ¡i,5,10.9.1
ffcff197-679b-4d08-8f6a-db76a08ad62c,Hiep Xnxx,Sao mÃ  láº¥y mÃ£ lÃ¢u v??,1,
2644b37b-96ab-47fd-a249-057c037649ff,Kim Trieu,KhÃ´ng nháº­n Ä‘Æ°á»£c code SMS,1,10.9.1
7e58b6f5-6ed7-4563-8f98-84bcd9c11dcc,Tuáº¥n,ÄÃ©* lÃ m cÃ¡i khá»‰ gÃ¬ cÅ©ng bá»‹ band . Gá»­i mail há»— trá»£ cÅ©ng ko rep . App nhÆ° bÃ¹*i,1,9.6.7
54ac005e-9b18-4621-8521-63ef21341078,Tuá»•i GÃ¬,Ok,5,10.9.1
6735e872-0ac5-43e2-973e-b3d257382bbc,unlimitdorar,"Lá»—i Ã¢m thanh thÃ´ng bÃ¡o, tin nháº¯n Ä‘áº¿n chá»‰ rung mÃ  khÃ´ng cÃ³ Ã¢m thanh. Lá»—i Ä‘Ã£ bá»‹ ráº¥t lÃ¢u nhÆ°ng khÃ´ng tháº¥y sá»­a",2,10.9.1
94507146-8962-4ffc-8be9-321c2e220f2f,Dang Toan,Dung rat ok,5,10.9.0
5ca16ef6-1797-43d9-b4c4-07d6bafdb4ed,Ngá»c Nguyá»…n,á»¨ng dá»¥ng quÃ¡ giá»Ÿ k,1,10.9.1
58350382-274a-4b1b-95ba-47248c596baa,Binh Quang,Tuyá»‡t vÆ¡i,4,10.9.1
610aea3d-48f2-477b-b12c-04f0dd05ee98,Linh Huynh,TrÃªn Ä‘Ã¢y toÃ n phim heo vá»›i lá»«a Ä‘áº£o thÃ´i,1,
d765c441-ba6d-41e1-b571-99c6cf4dbb40,Pham Hoa,Ok ok ok,5,10.9.1
cddae5c5-62c1-48ce-b4dd-4f4b15215372,Ngá»c Nam Äáº·ng,CÃ³ máº¥y em ngon tháº­t,5,
2bc05579-f661-47f2-aeb0-85e62818610a,Quyáº¿t Anh quyáº¿t,Vol ok,5,10.9.1
aca4cd46-ab93-43f8-ad7b-c18e5444d2a1,Phone Alo,tá»‘,5,10.9.1
6272d9f1-d32e-4428-b841-bc4210d74f7b,HoÃ ng An LÃ¢m,NhÆ° cÃ¡i qq,1,
1a8cd66d-e1d3-417e-bfed-c0d6f0c59def,Quá»‘c TuyÃªn Nguyá»…n,Ok,5,10.9.1
ecd1b3c3-144c-4b30-ac4f-5500de8a7936,Luong Hoang,CÅ©ng hay Ä‘áº¥y,5,10.9.1
113b2c5d-4192-44dd-80e6-d87f15669e1a,Huan Tran,Gagj,5,10.9.1
69b7a1d4-20ed-41ba-b985-b00c676890f3,Dung Nhi,á»¨ng dá»¥ng tiáº¿p tay cho bá»n lá»«a Ä‘áº£o chiáº¿m Ä‘oáº¡t tÃ i sáº£n qua máº¡ng internet,1,
6f04c9c2-d240-4f58-acb9-77b2445ec35d,Hhhh Hhhh,Táº£i vá» chá»‰ Ä‘á»ƒ coi sáº¿ch,5,
ba311332-d967-415a-b038-2a46400af558,PhÆ°Æ¡ng Danh,Tá»‘t,5,
fd12c87e-0cb4-4c2f-98b6-845403284345,Thu HÃ ,ÄÄƒng nháº­p mÃ  app k gá»­i mÃ£ vá». App quÃ¡ tá»‡,1,
25ab1338-79b4-44dc-b1d0-8976ee35a7c9,Tiáº¿n Giang,Ráº¥t tá»‘t,5,10.9.1
32401c3a-44b1-4396-8012-6b1f1af04f7d,Tu Ta,Táº¡o tÃ i khoáº£n mÃ  chá» code máº¥y ngÃ y cÅ©ng k Ä‘c sÄ‘t k cÃ³ sá»‘ 0 á»Ÿ Ä‘áº§u cÅ©ng váº­y lÃ m Ä‘á»§ má»i cÃ¡ch cÅ©ng k Ä‘c Ä‘á»•i sÄ‘t khÃ¡c cÅ©ng váº­y,2,10.9.1
708f7310-1b62-470b-8628-cef01ef043c8,Tuyen Hoang,"App khÃ´ng báº£o máº­t Ä‘Æ°á»£c quyá»n riÃªng tÆ° ,vÃ  khÃ´ng cÃ³ tiáº¿ng viá»‡t",2,10.9.1
143b2e7c-8dc9-4a13-9157-60effe88185e,Huynh84 Nga,Ok,5,10.9.1
9fe31867-e251-4e4a-9e08-21952fcb3dbd,Tá»‹nh Nguyá»…n,QuÃ¡ hay,5,10.9.1
354fbe08-9757-469c-a670-b48c0df0452a,DÅ©ng Pháº¡m quá»‘c,Ok,5,
26ecbd56-bb77-45a3-89ba-dc23b26955ab,VÃ‚N Danh,"á»¨ng dá»¥ng xÃ³a má»i thÃ´ng tin sinh ra cÃ³ lá»£i cho Bá»ŒN Lá»ªA Äáº¢O dÃ¹ng , t Ä‘Ã£ bá»‹ lá»«a tiá»n trÃªn á»©ng dá»¥ng nÃ y , ko bÃ¡o cÃ¡o xÃ³a tÃ i khoáº£n hay lÃ m gÃ¬ dc bá»n nÃ³.",1,10.9.1
6d42e9ee-7a65-4dfd-a30c-84220f6cf1a4,Chat Tran,Ok,5,10.9.1
12314eb5-9e90-4680-8d49-3c07c5e76882,Viet Pham,OK,5,10.9.1
43e73890-1893-4beb-bed7-1b57d0566759,HÃ¢n hana,Sao Viá»‡t tai Ä‘Æ°á»£c váº­y,2,
c9e40315-0236-4db5-9445-a73d74250d28,Thy Le,GÃ´d,3,10.9.1
b836305a-e01c-4862-a844-1f112cd3f3de,Dac Vinh,faN mU,5,10.8.2
ed92a1ed-436b-4369-b414-0a52875ec818,Trung A,Ok,5,10.8.2
5fa50ee9-b5db-4e63-8b3e-e21ccc57ab29,Khanh Huynh,Ok,5,10.9.1
eb17363d-6e73-4225-bd00-febb371c62df,Minh VÆ°Æ¡ng VÃµ,Ok,5,
4d7a278a-6ca7-4098-a6fe-21b7cf39a38a,Quang Nguyen Minh,"Tráº§n Tháº£o Nhi tiáº¿p tay cho bá»n lá»«a Ä‘áº£o, sá»›m muá»™n mi cÅ©ng sáº½ nháº­n quáº£ bÃ¡o",1,
cfacc5e0-bbaf-4f64-975e-bd514d1a75bc,vÄƒn Ä‘inh,"sdt cÃ³ yc gÃ¬ Ä‘Äƒng kÃ½ ko áº¡, sao mÃ¬nh nháº­p sdt vÃ o láº¡i kh Ä‘Æ°á»£c nhá»‰",3,10.9.1
